{"mean": [1.3389411741758095, 0.17810497038504658, 0.1571521973785232, 84795.54136029411, 6167.482938878677, 82816.17647058824, 0.542160525041468, 0.05793833239551853, 16.88235294117647, 16.0115987553316, 10.685201336355771, 88.43773875517003, 0.14485151901402893], "std": [0.7076293783803597, 0.15616247712670722, 0.14962157003974966, 1355.617859246348, 3341.0107405654107, 3581.2824392994476, 0.04657070207343495, 0.01661371796320688, 11.706621318679524, 11.053030396550799, 4.294020871862968, 59.79012013612366, 0.06194933169266737]}