{"mean": [3.4149499979801474, 1.6666661327704788, 2.6457725466112607, 93997.6169921875, 14665.741430664062, 87225.0, 0.4700335517525673, 0.06769081172533334, 9.075, 16.037985718250276, 6.667959064245224, 213.56713733673095, 0.09003920401446522], "std": [3.3005815500948854, 3.5221281622394924, 3.7099608293759414, 3932.362918906813, 1639.6369278456755, 11851.990866516899, 0.05622179559296118, 0.026627596578642495, 6.2345308564478215, 26.605666397202285, 1.670881683764408, 166.45119744120055, 0.1349597452695475]}