{
  "mean": [
    1.0,
    0.0720714092552221,
    0.04613648853250972,
    15913.196748451368,
    4701.948710244083,
    18504.80769230769,
    0.1454386236934393,
    0.036634969667630746
  ],
  "std": [
    1.0,
    0.07384812322791548,
    0.08541893757167311,
    3816.5534160733014,
    1173.3910675042487,
    6355.1429520772335,
    0.23868234760799328,
    0.0441342788758595
  ]
}