{
  "mean": [
    4.088586767388831,
    0.6705718292923998,
    1.2257748229028889,
    93358.1315857438,
    13103.079732090973,
    90748.96694214876,
    0.47661910433907156,
    0.0633175814262599,
    9.958677685950413,
    12.254806444418332,
    7.798863615871461,
    307.93932406370305,
    0.0784619240492413
  ],
  "std": [
    4.370848019663307,
    1.7481425497168916,
    2.210880998606171,
    4825.633619679027,
    3683.0776839396485,
    11988.30240667746,
    0.07511461257458746,
    0.027108175799125285,
    9.30599797181826,
    21.20602359256529,
    3.310258515968494,
    287.1280488117797,
    0.1076612972668442
  ]
}