{
  "mean": [
    0.8128000013530254,
    0.08992990106344223,
    0.057586509734392166,
    85458.41875,
    10428.83798828125,
    79425.0,
    0.49286397695541384,
    0.05242733582854271,
    14.2,
    25.47704267501831,
    4.7198412895202635,
    67.09038391113282,
    0.1253951508551836
  ],
  "std": [
    0.6456325373064803,
    0.032783113571057565,
    0.03602573896005394,
    2285.0716666269122,
    2513.4927516335774,
    5085.272854036448,
    0.03206967691992907,
    0.01350281533615208,
    15.574337867145427,
    15.384176024917148,
    0.6476968733059123,
    45.11998918692763,
    0.08195955255325493
  ]
}